worker_id,name,platform,country,currency,archetype,months_active,avg_wage,income_volatility,income_state,debt_to_income,repayment_count,on_time_rate,avg_days_late,default_count,disposable_income
WRK-000001,Seda Aydın,GigExpress,DE,EUR,rock_solid,21,1576.4,110.67,FEAST,0.0,23,1.0,0.0,0,750.46
WRK-000002,Emre Polat,GigExpress,TR,TRY,rock_solid,32,2671.85,211.93,FEAST,0.0,20,1.0,0.0,0,1228.56
WRK-000003,Defne Arslan,GigExpress,DE,EUR,rock_solid,15,1767.75,69.99,NORMAL,0.0,24,1.0,0.0,0,831.75
WRK-000004,Merve Çetin,GigExpress,TR,TRY,rock_solid,25,1594.74,172.35,FAMINE,0.0,18,1.0,0.0,0,650.45
WRK-000005,Merve Bayrak,GigExpress,DE,EUR,rock_solid,18,2192.33,259.61,FAMINE,0.0,25,1.0,0.0,0,972.92
WRK-000006,Hüseyin Kurt,GigExpress,DE,EUR,rock_solid,33,1538.76,75.09,FEAST,0.0,18,1.0,0.0,0,577.95
WRK-000007,Tuncay Gündüz,GigExpress,DE,EUR,rock_solid,26,2253.46,177.13,FEAST,0.0,22,1.0,0.0,0,932.21
WRK-000008,Tuğba Kurt,GigExpress,TR,TRY,rock_solid,35,2639.58,313.14,FEAST,0.0,25,1.0,0.0,0,980.67
WRK-000009,Ali Ateş,GigExpress,TR,TRY,rock_solid,31,1582.55,94.45,FEAST,0.0,25,1.0,0.0,0,822.32
WRK-000010,Ali Taş,GigExpress,DE,EUR,rock_solid,14,2155.3,194.52,FEAST,0.0,19,1.0,0.0,0,858.2
WRK-000011,Cem Kaya,GigExpress,TR,TRY,rock_solid,15,1654.37,116.01,FEAST,0.0,20,1.0,0.0,0,821.57
WRK-000012,Deniz Acar,GigExpress,DE,EUR,rock_solid,31,1831.2,174.41,FEAST,0.0,20,1.0,0.0,0,804.76
WRK-000013,Tuncay Kılıç,GigExpress,TR,TRY,rock_solid,31,2245.85,168.08,FAMINE,0.0,23,1.0,0.0,0,1070.35
WRK-000014,Gül Polat,GigExpress,DE,EUR,rock_solid,19,2204.01,352.19,FEAST,0.0,19,1.0,0.0,0,933.52
WRK-000015,Engin Çelik,GigExpress,TR,TRY,rock_solid,29,2326.4,185.5,FAMINE,0.0,24,1.0,0.0,0,1100.47
WRK-000016,Defne Balcı,GigExpress,TR,TRY,rock_solid,28,1980.4,114.98,FEAST,0.0,25,0.96,17,0,765.2
WRK-000017,Erkan Özdemir,GigExpress,TR,TRY,rock_solid,14,1837.8,120.41,FEAST,0.0,24,1.0,0.0,0,817.82
WRK-000018,Fatih Şahin,GigExpress,DE,EUR,rock_solid,36,2558.41,231.28,NORMAL,0.0,19,1.0,0.0,0,1006.17
WRK-000019,Seda Ünal,GigExpress,DE,EUR,rock_solid,16,1737.05,116.42,FAMINE,0.0,25,1.0,0.0,0,816.25
WRK-000020,Tuncay Balcı,GigExpress,DE,EUR,rock_solid,14,2673.91,170.49,FEAST,0.0,20,0.9,14.5,0,1300.77
WRK-000021,Can Güneş,GigExpress,DE,EUR,rock_solid,30,2134.3,109.7,FEAST,0.0,21,1.0,0.0,0,876.25
WRK-000022,Cem Kılıç,GigExpress,DE,EUR,rock_solid,34,2230.5,156.73,FAMINE,0.0,19,1.0,0.0,0,999.52
WRK-000023,Selin Yıldız,GigExpress,TR,TRY,rock_solid,33,1368.82,109.63,NORMAL,0.0,25,1.0,0.0,0,524.52
WRK-000024,Beren Taş,GigExpress,TR,TRY,rock_solid,21,2166.82,216.89,FEAST,0.0,22,1.0,0.0,0,973.07
WRK-000025,Yusuf Toprak,GigExpress,TR,TRY,rock_solid,26,2696.73,126.49,FAMINE,0.0,18,0.9444,5,0,1004.57
WRK-000026,Nur Erdoğan,GigExpress,TR,TRY,rock_solid,15,1863.21,110.19,FAMINE,0.0,25,1.0,0.0,0,677.65
WRK-000027,Volkan Kara,GigExpress,TR,TRY,rock_solid,20,2494.55,456.64,FEAST,0.0,21,0.9524,15,0,1136.8
WRK-000028,Leyla Taş,GigExpress,TR,TRY,rock_solid,29,1380.14,150.51,FEAST,0.0,25,0.96,20,0,670.88
WRK-000029,Beren Demir,GigExpress,TR,TRY,rock_solid,30,2317.5,184.69,FEAST,0.0,25,1.0,0.0,0,1246.07
WRK-000030,Erkan Kara,GigExpress,TR,TRY,rock_solid,26,1366.58,81.71,NORMAL,0.0,25,1.0,0.0,0,592.64
WRK-000031,Cem Çetin,GigExpress,TR,TRY,rock_solid,33,2289.03,87.57,FAMINE,0.0,23,1.0,0.0,0,1260.8
WRK-000032,İbrahim Öztürk,GigExpress,DE,EUR,rock_solid,28,2674.74,162.45,FEAST,0.0,18,1.0,0.0,0,1410.29
WRK-000033,Ömer Özdemir,GigExpress,DE,EUR,rock_solid,27,2814.63,207.63,FEAST,0.0,20,0.95,30,0,1418.93
WRK-000034,Hüseyin Güneş,GigExpress,DE,EUR,rock_solid,19,2398.41,167.88,FEAST,0.0,22,1.0,0.0,0,1125.2
WRK-000035,Fatih Gündüz,GigExpress,TR,TRY,rock_solid,35,1932.97,171.83,FEAST,0.0,23,1.0,0.0,0,870.31
WRK-000036,Yusuf Şen,GigExpress,TR,TRY,rock_solid,28,2726.78,217.26,FAMINE,0.0,22,1.0,0.0,0,1085.63
WRK-000037,Ali Öztürk,GigExpress,DE,EUR,rock_solid,18,1712.87,178.74,FAMINE,0.0,23,1.0,0.0,0,691.86
WRK-000038,Koray Bayrak,GigExpress,DE,EUR,rock_solid,29,1818.41,89.23,FEAST,0.0,25,1.0,0.0,0,799.97
WRK-000039,Barış Gündüz,GigExpress,TR,TRY,rock_solid,35,2399.92,232.99,FEAST,0.0,25,1.0,0.0,0,1229.22
WRK-000040,Ali Kılıç,GigExpress,TR,TRY,rock_solid,28,2513.15,312.38,FAMINE,0.0,19,1.0,0.0,0,1011.63
WRK-000041,Onur Çelik,GigExpress,DE,EUR,rock_solid,34,1941.46,223.39,FEAST,0.0,20,0.95,16,0,952.74
WRK-000042,Oğuz Erdoğan,GigExpress,DE,EUR,rock_solid,16,2736.08,166.5,NORMAL,0.0,22,0.9545,22,0,1475.22
WRK-000043,Deniz Aslan,GigExpress,DE,EUR,rock_solid,36,2557.55,141.55,FEAST,0.0,19,1.0,0.0,0,998.59
WRK-000044,Ömer Güneş,GigExpress,DE,EUR,rock_solid,33,1839.38,93.1,FEAST,0.0,20,1.0,0.0,0,843.36
WRK-000045,Volkan Yalçın,GigExpress,DE,EUR,rock_solid,17,1478.05,124.94,FAMINE,0.0,19,1.0,0.0,0,729.53
WRK-000046,Engin Karaca,GigExpress,DE,EUR,rock_solid,15,1899.88,204.41,FEAST,0.0,25,1.0,0.0,0,854.9
WRK-000047,Onur Kurt,GigExpress,DE,EUR,rock_solid,15,1855.25,84.23,FEAST,0.0,22,1.0,0.0,0,838.4
WRK-000048,Naz Acar,GigExpress,TR,TRY,rock_solid,25,1436.06,160.88,FAMINE,0.0,20,0.85,11.67,0,616.48
WRK-000049,Nur Bayrak,GigExpress,TR,TRY,rock_solid,25,2697.54,243.36,FAMINE,0.0,25,0.96,22,0,1340.18
WRK-000050,Hasan Güler,GigExpress,TR,TRY,rock_solid,16,1675.83,120.82,FEAST,0.0,21,1.0,0.0,0,610.31
WRK-000051,Barış Özdemir,GigExpress,DE,EUR,rock_solid,13,2514.22,151.31,FAMINE,0.0,24,1.0,0.0,0,1149.05
WRK-000052,Mehmet Tekin,GigExpress,DE,EUR,rock_solid,20,1799.07,99.05,FAMINE,0.0,23,0.9565,18,0,672.95
WRK-000053,Murat Aslan,GigExpress,DE,EUR,rock_solid,15,2775.55,252.29,FAMINE,0.0,22,0.9545,27,0,1507.01
WRK-000054,Emine Balcı,GigExpress,DE,EUR,rock_solid,18,1909.19,173.06,FEAST,0.0,19,0.9474,23,0,887.33
WRK-000055,Tarık Şen,GigExpress,TR,TRY,rock_solid,24,2421.44,344.66,FAMINE,0.0,23,0.913,24.5,0,1062.07
WRK-000056,Tarık Bulut,GigExpress,TR,TRY,rock_solid,29,1858.89,132.6,FEAST,0.0,19,0.9474,23,0,734.31
WRK-000057,Derya Güler,GigExpress,TR,TRY,rock_solid,31,1735.2,133.4,FEAST,0.0,18,1.0,0.0,0,804.02
WRK-000058,İbrahim Korkmaz,GigExpress,DE,EUR,rock_solid,33,1848.68,193.02,FEAST,0.0,19,1.0,0.0,0,779.05
WRK-000059,Tuğba Güneş,GigExpress,DE,EUR,rock_solid,17,1872.84,156.61,FEAST,0.0,21,0.9048,14,0,683.74
WRK-000060,İlknur Balcı,GigExpress,TR,TRY,rock_solid,23,1856.42,158.2,FAMINE,0.0,21,1.0,0.0,0,832.14
WRK-000061,Esra Aksoy,GigExpress,DE,EUR,rock_solid,34,2029.99,201.27,FEAST,0.0,21,1.0,0.0,0,1104.85
WRK-000062,Emre Yıldız,GigExpress,DE,EUR,rock_solid,13,1951.96,171.97,FEAST,0.0,21,1.0,0.0,0,1010.86
WRK-000063,Emre Gündüz,GigExpress,TR,TRY,rock_solid,21,2060.86,324.43,FAMINE,0.0,25,1.0,0.0,0,921.55
WRK-000064,Tarık Kaya,GigExpress,DE,EUR,rock_solid,15,2087.43,183.34,FEAST,0.0,23,1.0,0.0,0,1105.15
WRK-000065,Can Polat,GigExpress,DE,EUR,rock_solid,33,1926.42,116.09,NORMAL,0.0,25,1.0,0.0,0,905.14
WRK-000066,Deniz Başaran,GigExpress,DE,EUR,rock_solid,16,2642.94,92.16,FEAST,0.0,20,1.0,0.0,0,1219.43
WRK-000067,Erkan Kılıç,GigExpress,DE,EUR,rock_solid,27,1505.36,176.68,FEAST,0.0,24,1.0,0.0,0,687.84
WRK-000068,Büşra Toprak,GigExpress,TR,TRY,rock_solid,34,1560.69,109.21,NORMAL,0.0,24,0.9167,17.5,0,561.26
WRK-000069,Gamze Arslan,GigExpress,TR,TRY,rock_solid,33,1703.52,185.73,FEAST,0.0,22,1.0,0.0,0,803.98
WRK-000070,Volkan Ünal,GigExpress,DE,EUR,rock_solid,23,1453.31,87.22,FAMINE,0.0,24,0.9583,15,0,657.34
WRK-000071,Deniz Öztürk,GigExpress,TR,TRY,rock_solid,25,1716.03,96.2,NORMAL,0.0,18,1.0,0.0,0,696.85
WRK-000072,Murat Tekin,GigExpress,TR,TRY,rock_solid,30,2372.79,98.91,FAMINE,0.0,24,0.9583,17,0,1160.04
WRK-000073,Erkan Öztürk,GigExpress,TR,TRY,rock_solid,28,1907.02,146.76,FEAST,0.0,18,1.0,0.0,0,842.11
WRK-000074,Hasan Arslan,GigExpress,DE,EUR,rock_solid,22,2084.04,68.51,FAMINE,0.0,19,1.0,0.0,0,733.55
WRK-000075,Erkan Özdemir,GigExpress,TR,TRY,rock_solid,21,2230.26,97.73,FEAST,0.0,24,1.0,0.0,0,1036.91
WRK-000076,Nur Kaya,GigExpress,TR,TRY,rock_solid,13,2583.28,169.92,FEAST,0.0,19,1.0,0.0,0,1217.67
WRK-000077,Can Korkmaz,GigExpress,TR,TRY,rock_solid,29,1506.15,83.35,FEAST,0.0,20,1.0,0.0,0,596.65
WRK-000078,Fatih Aydın,GigExpress,DE,EUR,rock_solid,25,2567.06,190.36,FEAST,0.0,19,0.9474,24,0,925.42
WRK-000079,Tuğba Kurt,GigExpress,TR,TRY,rock_solid,29,1693.16,82.49,NORMAL,0.0,22,1.0,0.0,0,781.96
WRK-000080,Emre Erdoğan,GigExpress,TR,TRY,rock_solid,27,2234.23,163.47,FEAST,0.0,20,1.0,0.0,0,819.72
WRK-000081,Selim Yıldız,GigExpress,TR,TRY,rock_solid,31,2400.59,324.42,FEAST,0.0,24,0.9583,6,0,1075.67
WRK-000082,Barış Bayrak,GigExpress,DE,EUR,rock_solid,28,2640.51,207.48,FAMINE,0.0,23,0.913,11,0,1031.91
WRK-000083,Erkan Kara,GigExpress,TR,TRY,rock_solid,32,2167.06,130.35,FEAST,0.0,19,1.0,0.0,0,910.01
WRK-000084,Özlem Bulut,GigExpress,TR,TRY,rock_solid,28,2632.87,271.35,FEAST,0.0,18,1.0,0.0,0,1060.21
WRK-000085,Engin Gündüz,GigExpress,TR,TRY,rock_solid,20,2631.11,249.77,FEAST,0.0,20,0.9,18,0,1158.87
WRK-000086,Emre Korkmaz,GigExpress,TR,TRY,rock_solid,32,2579.73,147.82,FAMINE,0.0,22,1.0,0.0,0,1114.7
WRK-000087,Tarık Erdoğan,GigExpress,TR,TRY,rock_solid,19,1519.28,213.5,FEAST,0.0,24,1.0,0.0,0,645.33
WRK-000088,Derya Ateş,GigExpress,TR,TRY,rock_solid,31,2540.22,232.16,NORMAL,0.0,20,0.9,6.5,0,1059.18
WRK-000089,Zeynep Toprak,GigExpress,TR,TRY,rock_solid,14,2905.69,181.55,FEAST,0.0,19,1.0,0.0,0,1108.73
WRK-000090,Sibel Başaran,GigExpress,DE,EUR,rock_solid,31,2140.34,118.55,FEAST,0.0,22,1.0,0.0,0,1158.84
WRK-000091,Can Bulut,GigExpress,DE,EUR,rock_solid,28,1872.65,81.22,NORMAL,0.0,25,1.0,0.0,0,663.94
WRK-000092,Mustafa Doğan,GigExpress,TR,TRY,rock_solid,20,2575.91,145.77,FEAST,0.0,19,0.8421,14.67,0,1158.47
WRK-000093,Koray Tunç,GigExpress,DE,EUR,rock_solid,19,2278.16,103.84,FEAST,0.0,20,1.0,0.0,0,1073.97
WRK-000094,Derya Gündüz,GigExpress,DE,EUR,rock_solid,23,1516.53,82.0,FAMINE,0.0,23,0.8696,10.67,0,689.68
WRK-000095,Gamze Özdemir,GigExpress,TR,TRY,rock_solid,34,2360.37,88.42,NORMAL,0.0,24,0.9583,13,0,1061.57
WRK-000096,Naz Çelik,GigExpress,DE,EUR,rock_solid,19,1955.42,200.16,FAMINE,0.0,24,1.0,0.0,0,973.32
WRK-000097,Mustafa Bayrak,GigExpress,DE,EUR,rock_solid,19,2100.8,149.24,FEAST,0.0,19,1.0,0.0,0,774.68
WRK-000098,Defne Arslan,GigExpress,TR,TRY,rock_solid,24,2566.57,573.85,FEAST,0.0,25,0.84,13.5,0,1043.92
WRK-000099,Serkan Güler,GigExpress,TR,TRY,rock_solid,12,2360.87,229.37,FEAST,0.0,18,1.0,0.0,0,984.96
WRK-000100,Esra Korkmaz,GigExpress,TR,TRY,rock_solid,28,2440.59,405.85,FEAST,0.0,23,0.9565,19,0,1006.3
WRK-000101,İbrahim Yıldız,GigExpress,TR,TRY,rock_solid,27,2280.59,96.42,FEAST,0.0,22,1.0,0.0,0,1119.54
WRK-000102,Gül Karaca,GigExpress,TR,TRY,rock_solid,32,1742.89,214.99,NORMAL,0.0,19,0.8947,9,0,878.21
WRK-000103,Hatice Doğan,GigExpress,TR,TRY,rock_solid,32,2197.55,220.55,FEAST,0.0,18,0.9444,6,0,938.81
WRK-000104,Yusuf Doğan,GigExpress,TR,TRY,rock_solid,21,1788.31,88.28,NORMAL,0.0,21,0.8571,13.67,0,772.17
WRK-000105,Barış Tunç,GigExpress,DE,EUR,rock_solid,33,2770.01,288.93,FEAST,0.0,21,0.8571,11,0,1403.35
WRK-000106,Tuğba Tunç,GigExpress,TR,TRY,rock_solid,14,2363.74,114.82,FEAST,0.0,22,0.9091,9.5,0,1242.05
WRK-000107,Emre Güler,GigExpress,DE,EUR,rock_solid,16,1577.49,124.01,NORMAL,0.0,21,0.9524,23,0,712.09
WRK-000108,Melek Kılıç,GigExpress,DE,EUR,rock_solid,12,1419.52,84.43,NORMAL,0.0,20,0.9,20.5,0,717.35
WRK-000109,Fatih Bayrak,GigExpress,TR,TRY,rock_solid,29,1404.84,82.27,FEAST,0.0,22,1.0,0.0,0,601.9
WRK-000110,Serkan Karaca,GigExpress,DE,EUR,rock_solid,22,2447.3,379.79,FEAST,0.0,19,1.0,0.0,0,869.39
WRK-000111,Koray Şahin,GigExpress,DE,EUR,rock_solid,19,2428.91,181.5,FEAST,0.0,20,1.0,0.0,0,1125.46
WRK-000112,Nur Ünal,GigExpress,DE,EUR,rock_solid,30,2231.11,128.13,FEAST,0.0,18,0.9444,28,0,1123.92
WRK-000113,Esra Kılıç,GigExpress,DE,EUR,rock_solid,16,2213.09,186.4,FEAST,0.0,21,1.0,0.0,0,1025.54
WRK-000114,Naz Toprak,GigExpress,DE,EUR,rock_solid,33,1568.25,121.54,NORMAL,0.0,23,0.9565,11,0,714.62
WRK-000115,Onur Güneş,GigExpress,TR,TRY,rock_solid,22,1755.61,71.49,NORMAL,0.0,24,0.9583,30,0,960.69
WRK-000116,Defne Yılmaz,GigExpress,DE,EUR,rock_solid,33,1844.39,52.3,FAMINE,0.0,21,1.0,0.0,0,873.78
WRK-000117,Fatma Kara,GigExpress,TR,TRY,rock_solid,35,1819.77,173.54,FEAST,0.0,25,0.92,19.5,0,864.03
WRK-000118,Defne Doğan,GigExpress,DE,EUR,rock_solid,28,1556.74,171.14,FEAST,0.0,18,1.0,0.0,0,837.22
WRK-000119,Leyla Acar,GigExpress,TR,TRY,rock_solid,27,2492.56,124.08,NORMAL,0.0,19,0.9474,15,0,1082.94
WRK-000120,Tuğba Aydın,GigExpress,DE,EUR,rock_solid,24,2396.03,284.27,FEAST,0.0,24,0.9583,15,0,1049.81
WRK-000121,Volkan Kaplan,GigExpress,TR,TRY,rock_solid,28,1508.71,111.91,NORMAL,0.0,24,0.9583,30,0,615.54
WRK-000122,Leyla Polat,GigExpress,TR,TRY,rock_solid,29,1363.96,301.35,FEAST,0.0,20,1.0,0.0,0,570.78
WRK-000123,Burak Erdoğan,GigExpress,TR,TRY,rock_solid,35,1608.34,57.52,NORMAL,0.0,20,1.0,0.0,0,659.92
WRK-000124,Deniz Erdoğan,GigExpress,TR,TRY,rock_solid,32,2745.66,233.69,FEAST,0.0,25,0.96,19,0,1367.21
WRK-000125,Naz Güler,GigExpress,DE,EUR,rock_solid,29,2532.3,433.91,FEAST,0.0,19,1.0,0.0,0,1325.25
WRK-000126,Zeynep Çelik,GigExpress,TR,TRY,rock_solid,13,1869.09,129.96,FEAST,0.0,24,0.9167,14,0,675.26
WRK-000127,Koray Bayrak,GigExpress,TR,TRY,rock_solid,17,1365.41,71.41,FEAST,0.0,25,0.96,15,0,571.2
WRK-000128,Yusuf Doğan,GigExpress,TR,TRY,rock_solid,15,2130.44,117.94,FEAST,0.0,21,1.0,0.0,0,974.98
WRK-000129,Özlem Şen,GigExpress,DE,EUR,rock_solid,33,2218.57,335.11,FEAST,0.0,23,1.0,0.0,0,1103.08
WRK-000130,Sevgi Tekin,GigExpress,TR,TRY,rock_solid,35,1568.16,118.11,FEAST,0.0,22,0.9091,8,0,574.14
WRK-000131,Serkan Korkmaz,GigExpress,DE,EUR,rock_solid,21,1675.19,270.52,NORMAL,0.0,19,1.0,0.0,0,638.43
WRK-000132,Tarık Balcı,GigExpress,DE,EUR,rock_solid,20,2141.48,223.3,FEAST,0.0,19,1.0,0.0,0,897.11
WRK-000133,Ahmet Karaca,GigExpress,DE,EUR,rock_solid,34,1805.6,251.08,FEAST,0.0,23,0.913,8,0,740.53
WRK-000134,Burak Acar,GigExpress,DE,EUR,rock_solid,17,1744.82,225.69,FEAST,0.0,18,1.0,0.0,0,755.65
WRK-000135,Sevgi Kurt,GigExpress,DE,EUR,rock_solid,24,2895.59,174.32,FAMINE,0.0,25,1.0,0.0,0,1476.68
WRK-000136,Tuğba Arslan,GigExpress,DE,EUR,rock_solid,35,2388.61,257.07,FEAST,0.0,24,1.0,0.0,0,959.68
WRK-000137,Ceren Kaya,GigExpress,TR,TRY,rock_solid,28,1462.82,91.58,FEAST,0.0,24,0.9583,18,0,599.16
WRK-000138,Mehmet Doğan,GigExpress,TR,TRY,rock_solid,27,1374.18,103.88,FEAST,0.0,25,0.96,27,0,611.71
WRK-000139,Hasan Polat,GigExpress,TR,TRY,rock_solid,22,1650.37,105.83,NORMAL,0.0,21,1.0,0.0,0,622.97
WRK-000140,Hatice Tunç,GigExpress,TR,TRY,rock_solid,32,2295.95,302.6,NORMAL,0.0,24,1.0,0.0,0,1008.45
WRK-000141,Aslı Bayrak,GigExpress,DE,EUR,rock_solid,23,1733.06,99.54,FEAST,0.0,18,1.0,0.0,0,792.61
WRK-000142,Mustafa Aktaş,GigExpress,DE,EUR,rock_solid,16,2296.91,107.04,FAMINE,0.0,21,0.8095,14.25,0,1071.49
WRK-000143,Pınar Kaya,GigExpress,TR,TRY,rock_solid,22,2346.11,296.87,FEAST,0.0,19,1.0,0.0,0,1013.9
WRK-000144,Mustafa Bayrak,GigExpress,TR,TRY,rock_solid,23,3037.01,427.8,FEAST,0.0,20,1.0,0.0,0,1535.97
WRK-000145,Deniz Yılmaz,GigExpress,TR,TRY,rock_solid,26,1854.38,154.95,FEAST,0.0,25,0.92,10.5,0,880.82
WRK-000146,Ece Şen,GigExpress,DE,EUR,rock_solid,14,1386.34,127.44,FAMINE,0.0,21,0.9048,25.5,0,544.24
WRK-000147,Hasan Korkmaz,GigExpress,TR,TRY,rock_solid,16,2353.52,184.64,FEAST,0.0,19,1.0,0.0,0,962.14
WRK-000148,Ceren Tekin,GigExpress,DE,EUR,rock_solid,25,2206.87,254.61,FEAST,0.0,18,1.0,0.0,0,1033.56
WRK-000149,Büşra Yılmaz,GigExpress,DE,EUR,rock_solid,18,2725.35,401.22,FEAST,0.0,18,1.0,0.0,0,1014.83
WRK-000150,Beren Demir,GigExpress,DE,EUR,rock_solid,18,2515.77,107.12,NORMAL,0.0,24,1.0,0.0,0,994.6
WRK-000151,Seda Korkmaz,GigExpress,DE,EUR,rock_solid,30,1324.11,190.86,NORMAL,0.0,20,1.0,0.0,0,512.69
WRK-000152,Erkan Koç,GigExpress,TR,TRY,rock_solid,36,1434.41,98.39,FEAST,0.0,25,0.96,3,0,658.12
WRK-000153,Deniz Güneş,GigExpress,TR,TRY,rock_solid,15,2115.54,178.9,NORMAL,0.0,22,1.0,0.0,0,881.66
WRK-000154,Hatice Kılıç,GigExpress,DE,EUR,rock_solid,21,2522.95,234.59,FEAST,0.0,20,1.0,0.0,0,1066.23
WRK-000155,Gül Acar,GigExpress,DE,EUR,rock_solid,22,1806.78,156.17,FEAST,0.0,20,0.95,4,0,633.32
WRK-000156,Nur Tunç,GigExpress,TR,TRY,rock_solid,23,1681.75,127.58,FAMINE,0.0,18,0.9444,16,0,648.82
WRK-000157,Uğur Yıldız,GigExpress,DE,EUR,rock_solid,25,1341.35,139.11,FEAST,0.0,22,1.0,0.0,0,519.37
WRK-000158,Hasan Acar,GigExpress,TR,TRY,rock_solid,22,1593.54,128.14,NORMAL,0.0,21,1.0,0.0,0,603.2
WRK-000159,Serkan Yılmaz,GigExpress,DE,EUR,rock_solid,20,2151.76,94.2,FEAST,0.0,20,1.0,0.0,0,1130.92
WRK-000160,Fatih Ünal,GigExpress,DE,EUR,rock_solid,32,2137.91,104.28,FAMINE,0.0,23,0.913,6.5,0,983.27
WRK-000161,Aslı Şen,GigExpress,DE,EUR,rock_solid,16,2174.83,203.13,FEAST,0.0,23,0.913,16.5,0,1004.34
WRK-000162,Can Toprak,GigExpress,TR,TRY,rock_solid,12,2558.91,320.26,FEAST,0.0,19,1.0,0.0,0,958.44
WRK-000163,Cem Güler,GigExpress,DE,EUR,rock_solid,31,2633.68,252.33,FEAST,0.0,18,1.0,0.0,0,999.88
WRK-000164,Tolga Demir,GigExpress,TR,TRY,rock_solid,23,2705.17,313.17,NORMAL,0.0,24,1.0,0.0,0,1415.07
WRK-000165,Ece Arslan,GigExpress,DE,EUR,rock_solid,22,2205.04,126.39,FEAST,0.0,19,0.9474,6,0,886.22
WRK-000166,Erkan Ateş,GigExpress,TR,TRY,rock_solid,17,1491.51,172.37,FEAST,0.0,18,1.0,0.0,0,683.57
WRK-000167,Cem Gündüz,GigExpress,DE,EUR,rock_solid,19,1699.73,64.86,NORMAL,0.0,24,1.0,0.0,0,736.73
WRK-000168,Can Erdoğan,GigExpress,DE,EUR,rock_solid,16,2696.85,133.57,FEAST,0.0,18,1.0,0.0,0,1158.64
WRK-000169,Ali Koç,GigExpress,TR,TRY,rock_solid,14,2413.63,201.46,FAMINE,0.0,24,0.875,16,0,1171.2
WRK-000170,Emine Acar,GigExpress,DE,EUR,rock_solid,15,3017.99,270.99,FEAST,0.0,23,0.9565,8,0,1655.22
WRK-000171,Selin Doğan,GigExpress,TR,TRY,rock_solid,30,1996.62,133.33,FAMINE,0.0,20,0.95,9,0,812.88
WRK-000172,Derya Ateş,GigExpress,DE,EUR,rock_solid,31,1604.01,92.3,FEAST,0.0,24,1.0,0.0,0,775.32
WRK-000173,Emre Ünal,GigExpress,TR,TRY,rock_solid,18,2690.82,335.49,FEAST,0.0,25,1.0,0.0,0,1210.61
WRK-000174,Beren Bulut,GigExpress,DE,EUR,rock_solid,13,1615.21,102.52,FEAST,0.0,18,0.9444,28,0,879.61
WRK-000175,Burak Güler,GigExpress,DE,EUR,rock_solid,26,1773.5,191.53,FAMINE,0.0,22,0.9545,20,0,928.48
WRK-000176,Oğuz Aktaş,GigExpress,DE,EUR,good_volatile,15,2030.29,857.09,FEAST,0.0,19,0.8947,12,0,876.94
WRK-000177,Barış Tekin,GigExpress,TR,TRY,good_volatile,20,3621.55,1588.46,FAMINE,0.0,15,0.9333,24,0,1732.54
WRK-000178,İbrahim Bayrak,GigExpress,DE,EUR,good_volatile,30,5623.88,982.77,FAMINE,0.0,20,1.0,0.0,0,2587.97
WRK-000179,Melek Balcı,GigExpress,TR,TRY,good_volatile,25,1979.12,501.55,FAMINE,0.0,14,0.7857,4,0,850.59
WRK-000180,Elif Aktaş,GigExpress,DE,EUR,good_volatile,23,2717.32,792.25,FEAST,0.0,18,0.8889,24.5,0,1214.32
WRK-000181,Serkan Güneş,GigExpress,TR,TRY,good_volatile,33,4466.27,1241.79,FAMINE,0.0,17,0.7059,18,0,2196.87
WRK-000182,Derya Başaran,GigExpress,DE,EUR,good_volatile,20,4051.77,1548.31,NORMAL,0.0,20,1.0,0.0,0,1626.03
WRK-000183,Seda Öztürk,GigExpress,DE,EUR,good_volatile,22,3607.27,828.56,FAMINE,0.0,16,1.0,0.0,0,1767.26
WRK-000184,Melek Aktaş,GigExpress,TR,TRY,good_volatile,18,1470.85,917.72,FEAST,0.0,20,0.85,12,0,709.55
WRK-000185,Nur Kara,GigExpress,DE,EUR,good_volatile,36,2066.64,625.47,FEAST,0.0,19,0.8421,16.33,0,682.91
WRK-000186,Yusuf Erdoğan,GigExpress,TR,TRY,good_volatile,17,2111.72,1079.98,FAMINE,0.0,18,0.8889,24.5,0,837.71
WRK-000187,Emine Ünal,GigExpress,DE,EUR,good_volatile,35,3016.08,903.78,FAMINE,0.0,20,0.95,10,0,1495.9
WRK-000188,Engin Tunç,GigExpress,TR,TRY,good_volatile,13,2193.54,939.74,FEAST,0.0,20,0.95,8,0,928.08
WRK-000189,Kemal Güler,GigExpress,TR,TRY,good_volatile,33,4792.64,891.8,FAMINE,0.0,16,0.9375,12,0,2189.82
WRK-000190,İbrahim Kara,GigExpress,TR,TRY,good_volatile,31,6545.24,1315.51,FEAST,0.0,16,0.75,15.5,0,3181.77
WRK-000191,Emre Doğan,GigExpress,TR,TRY,good_volatile,34,4611.72,1138.33,FAMINE,0.0,19,0.9474,13,0,2256.83
WRK-000192,Derya Kaplan,GigExpress,TR,TRY,good_volatile,31,3559.0,1282.88,FEAST,0.0,15,1.0,0.0,0,1464.79
WRK-000193,Kemal Tunç,GigExpress,TR,TRY,good_volatile,19,1691.44,786.85,FEAST,0.0,15,0.9333,18,0,710.1
WRK-000194,Esra Kılıç,GigExpress,DE,EUR,good_volatile,35,2624.55,1298.11,FEAST,0.0,17,1.0,0.0,0,1040.02
WRK-000195,Selim Balcı,GigExpress,DE,EUR,good_volatile,28,1150.41,256.83,FAMINE,0.0,15,0.9333,2,0,479.62
WRK-000196,Burak Bulut,GigExpress,TR,TRY,good_volatile,28,1514.81,281.21,FEAST,0.0,20,0.95,18,0,519.02
WRK-000197,Mustafa Kurt,GigExpress,DE,EUR,good_volatile,35,2902.64,1580.35,FEAST,0.0,17,0.9412,26,0,899.79
WRK-000198,Barış Şahin,GigExpress,TR,TRY,good_volatile,36,1602.55,800.75,FAMINE,0.0,19,0.9474,17,0,708.81
WRK-000199,Yusuf Bulut,GigExpress,DE,EUR,good_volatile,28,3309.68,1300.02,FAMINE,0.0,14,0.9286,13,0,1213.84
WRK-000200,Yusuf Kılıç,GigExpress,TR,TRY,good_volatile,14,3344.36,1278.01,FEAST,0.0,14,0.9286,29,0,1629.38
WRK-000201,Gül Yılmaz,GigExpress,TR,TRY,good_volatile,15,2642.72,984.38,FEAST,0.0,19,1.0,0.0,0,994.38
WRK-000202,Cem Güler,GigExpress,DE,EUR,good_volatile,21,2512.17,593.27,FAMINE,0.0,18,0.9444,7,0,1108.03
WRK-000203,Tolga Tekin,GigExpress,DE,EUR,good_volatile,29,1423.72,569.8,FEAST,0.0,19,1.0,0.0,0,644.02
WRK-000204,Defne Şahin,GigExpress,DE,EUR,good_volatile,35,942.88,277.15,NORMAL,0.0,19,0.9474,13,0,453.75
WRK-000205,Melek Bulut,GigExpress,TR,TRY,good_volatile,21,750.54,292.78,FAMINE,0.0,19,0.9474,13,0,289.08
WRK-000206,Barış Güneş,GigExpress,DE,EUR,good_volatile,17,3312.41,585.4,FEAST,0.0,18,0.6667,10.33,0,1165.67
WRK-000207,Seda Kaplan,GigExpress,DE,EUR,good_volatile,14,843.9,199.14,FEAST,0.0,15,1.0,0.0,0,345.53
WRK-000208,Tuncay Öztürk,GigExpress,TR,TRY,good_volatile,19,3493.54,1129.17,FEAST,0.0,17,0.7647,16,0,1218.88
WRK-000209,Defne Başaran,GigExpress,DE,EUR,good_volatile,28,3810.23,1046.33,FAMINE,0.0,17,1.0,0.0,0,1584.26
WRK-000210,Merve Öztürk,GigExpress,TR,TRY,good_volatile,12,4919.41,1389.9,FAMINE,0.0,16,0.8125,11,0,1967.42
WRK-000211,Barış Tunç,GigExpress,DE,EUR,good_volatile,36,2344.01,938.33,FAMINE,0.0,16,0.9375,22,0,895.85
WRK-000212,Burak Yalçın,GigExpress,DE,EUR,good_volatile,35,837.15,221.01,FEAST,0.0,17,0.7647,22.25,0,263.4
WRK-000213,Oğuz Karaca,GigExpress,TR,TRY,good_volatile,30,1905.65,757.32,FEAST,0.0,16,0.8125,23.67,0,724.63
WRK-000214,Selin Çetin,GigExpress,TR,TRY,good_volatile,32,5377.81,1064.52,FAMINE,0.0,16,0.9375,5,0,2580.42
WRK-000215,Onur Gündüz,GigExpress,DE,EUR,good_volatile,34,4139.2,1227.2,FAMINE,0.0,14,1.0,0.0,0,1685.29
WRK-000216,Fatma Başaran,GigExpress,DE,EUR,good_volatile,21,829.43,276.29,FEAST,0.0,16,0.8125,16,0,404.98
WRK-000217,Özlem Kurt,GigExpress,DE,EUR,good_volatile,33,472.48,400.15,FEAST,0.0,20,0.9,13,0,165.33
WRK-000218,Koray Çetin,GigExpress,DE,EUR,good_volatile,35,4227.99,1585.77,FEAST,0.0,20,1.0,0.0,0,1533.64
WRK-000219,Hatice Kaya,GigExpress,DE,EUR,good_volatile,20,779.4,404.94,FEAST,0.0,16,0.875,19.5,0,302.58
WRK-000220,Zeynep Kurt,GigExpress,TR,TRY,good_volatile,21,2296.89,877.4,FEAST,0.0,18,0.8889,23.5,0,993.84
WRK-000221,Elif Toprak,GigExpress,DE,EUR,good_volatile,30,2464.98,581.88,FEAST,0.0,14,0.7857,17.67,0,934.3
WRK-000222,Burak Ateş,GigExpress,DE,EUR,good_volatile,27,3524.42,1176.47,FAMINE,0.0,15,0.8667,6,0,1636.95
WRK-000223,Hasan Toprak,GigExpress,TR,TRY,good_volatile,29,664.82,281.66,FAMINE,0.0,15,0.9333,16,0,238.81
WRK-000224,Naz Korkmaz,GigExpress,DE,EUR,good_volatile,35,2145.14,1078.8,FAMINE,0.0,14,0.9286,10,0,987.52
WRK-000225,Özlem Bulut,GigExpress,DE,EUR,good_volatile,13,4828.53,1840.1,FEAST,0.0,16,0.9375,23,0,1663.76
WRK-000226,Özlem Demir,GigExpress,DE,EUR,good_volatile,27,1847.26,1144.1,FEAST,0.0,20,0.95,24,0,606.44
WRK-000227,Mehmet Yılmaz,GigExpress,DE,EUR,good_volatile,28,1380.04,1261.59,FEAST,0.0,16,0.875,20,0,438.02
WRK-000228,Uğur Koç,GigExpress,DE,EUR,good_volatile,26,1337.78,507.18,FEAST,0.0,18,0.9444,7,0,610.64
WRK-000229,Volkan Aktaş,GigExpress,DE,EUR,good_volatile,14,1481.58,437.36,FAMINE,0.0,14,0.9286,24,0,718.81
WRK-000230,Naz Doğan,GigExpress,TR,TRY,good_volatile,22,4577.78,1174.23,FAMINE,0.0,18,1.0,0.0,0,1905.53
WRK-000231,Onur Korkmaz,GigExpress,TR,TRY,good_volatile,30,3722.31,907.95,FAMINE,0.0,15,0.8,20,0,1095.27
WRK-000232,Yusuf Demir,GigExpress,TR,TRY,good_volatile,14,4427.64,1639.59,FAMINE,0.0,14,0.9286,22,0,1523.43
WRK-000233,Ahmet Aksoy,GigExpress,TR,TRY,good_volatile,27,1893.61,568.07,FEAST,0.0,15,0.8,6,0,638.71
WRK-000234,Beren Şahin,GigExpress,TR,TRY,good_volatile,13,1892.31,780.67,FEAST,0.0,16,0.8125,20,0,729.92
WRK-000235,Hasan Erdoğan,GigExpress,DE,EUR,good_volatile,24,3991.1,942.22,FEAST,0.0,15,0.9333,13,0,1796.74
WRK-000236,Naz Yılmaz,GigExpress,TR,TRY,good_volatile,24,2876.84,724.69,FEAST,0.0,19,0.8947,15,0,852.42
WRK-000237,Onur Öztürk,GigExpress,TR,TRY,good_volatile,25,3287.61,825.96,FEAST,0.0,19,1.0,0.0,0,1427.15
WRK-000238,Tuncay Acar,GigExpress,TR,TRY,good_volatile,24,5961.7,1125.52,FEAST,0.0,20,0.9,14,0,1973.11
WRK-000239,Sibel Koç,GigExpress,TR,TRY,good_volatile,20,3525.33,1663.55,FEAST,0.0,19,1.0,0.0,0,1220.15
WRK-000240,Barış Karaca,GigExpress,DE,EUR,good_volatile,35,5048.35,1270.06,FEAST,0.0,15,0.9333,30,0,2348.09
WRK-000241,Ömer Arslan,GigExpress,DE,EUR,good_volatile,27,4359.0,911.63,FEAST,0.0,16,0.875,12,0,1480.95
WRK-000242,Emine Tunç,GigExpress,DE,EUR,good_volatile,35,928.32,381.94,FAMINE,0.0,15,0.9333,5,0,452.72
WRK-000243,Sevgi Bayrak,GigExpress,TR,TRY,good_volatile,32,3433.68,1189.21,FEAST,0.0,18,0.8333,5,0,1237.05
WRK-000244,Beren Şen,GigExpress,TR,TRY,good_volatile,14,860.48,243.2,FEAST,0.0,15,0.8,9.33,0,411.6
WRK-000245,Burak Yıldız,GigExpress,TR,TRY,good_volatile,15,2739.56,1297.58,FEAST,0.0,15,0.8,22.67,0,1225.38
WRK-000246,Aslı Başaran,GigExpress,DE,EUR,good_volatile,34,2763.25,1247.3,FEAST,0.0,18,1.0,0.0,0,1353.14
WRK-000247,Deniz Tunç,GigExpress,DE,EUR,good_volatile,16,3525.71,1039.82,FEAST,0.0,15,0.9333,18,0,1392.66
WRK-000248,Emre Çelik,GigExpress,DE,EUR,good_volatile,29,1854.27,701.52,FEAST,0.0,17,0.8824,12.5,0,721.35
WRK-000249,Aslı Aktaş,GigExpress,TR,TRY,good_volatile,18,1004.37,271.06,FEAST,0.0,19,1.0,0.0,0,467.35
WRK-000250,Onur Tunç,GigExpress,TR,TRY,good_volatile,20,4035.18,822.6,FAMINE,0.0,19,0.9474,27,0,1528.49
WRK-000251,Esra Taş,GigExpress,DE,EUR,good_volatile,14,2975.58,974.63,FEAST,0.0,16,0.75,10,0,1280.68
WRK-000252,Esra Koç,GigExpress,DE,EUR,good_volatile,15,3055.22,646.07,FEAST,0.0,14,0.9286,17,0,1287.03
WRK-000253,Büşra Polat,GigExpress,TR,TRY,good_volatile,29,4419.96,1478.97,FEAST,0.0,16,0.875,17,0,1915.67
WRK-000254,Sevgi Kaya,GigExpress,TR,TRY,good_volatile,29,4000.8,971.15,FEAST,0.0,20,0.8,12.75,0,1355.88
WRK-000255,Pınar Toprak,GigExpress,DE,EUR,good_volatile,30,6076.13,1358.62,FAMINE,0.0,16,0.875,11.5,0,2005.28
WRK-000256,Aslı Ateş,GigExpress,TR,TRY,good_volatile,35,2977.98,1361.2,FAMINE,0.0,14,0.9286,5,0,1058.01
WRK-000257,Fatma Acar,GigExpress,TR,TRY,good_volatile,14,4925.93,1661.24,FEAST,0.0,19,0.9474,30,0,1902.84
WRK-000258,Nur Acar,GigExpress,TR,TRY,good_volatile,20,4086.92,1490.38,FEAST,0.0,20,0.85,17,0,1733.04
WRK-000259,Can Kaya,GigExpress,DE,EUR,good_volatile,30,6280.49,2274.12,FAMINE,0.0,19,1.0,0.0,0,2133.6
WRK-000260,Onur Güneş,GigExpress,TR,TRY,good_volatile,34,3342.24,1264.99,FEAST,0.0,17,0.8824,12,0,1314.12
WRK-000261,Can Demir,GigExpress,DE,EUR,good_volatile,32,1213.96,503.75,FEAST,0.0,17,0.8235,6.67,0,434.19
WRK-000262,Tuğba Balcı,GigExpress,DE,EUR,good_volatile,34,2981.61,793.79,FEAST,0.0,14,0.9286,30,0,1296.13
WRK-000263,Derya Güler,GigExpress,DE,EUR,good_volatile,32,2493.92,802.3,FEAST,0.0,17,0.7647,14.75,0,750.11
WRK-000264,Serkan Kara,GigExpress,TR,TRY,good_volatile,32,567.33,603.41,FEAST,0.0,15,0.9333,2,0,249.6
WRK-000265,Emre Erdoğan,GigExpress,TR,TRY,good_volatile,32,3856.86,1537.64,FAMINE,0.0,19,0.8947,8.5,0,1476.74
WRK-000266,Murat Tunç,GigExpress,TR,TRY,good_volatile,13,1172.88,215.97,FAMINE,0.0,19,0.8421,10,0,541.7
WRK-000267,Selin Yılmaz,GigExpress,TR,TRY,good_volatile,17,2791.33,591.32,FAMINE,0.0,18,1.0,0.0,0,1044.33
WRK-000268,Ceren Şen,GigExpress,DE,EUR,good_volatile,27,1402.91,480.41,FEAST,0.0,17,0.9412,15,0,511.23
WRK-000269,Engin Aslan,GigExpress,TR,TRY,good_volatile,19,3812.48,1113.57,FEAST,0.0,20,0.9,11.5,0,1762.54
WRK-000270,Emre Özdemir,GigExpress,TR,TRY,good_volatile,30,2913.2,1031.14,FEAST,0.0,14,0.9286,15,0,1185.81
WRK-000271,Aslı Korkmaz,GigExpress,TR,TRY,good_volatile,19,3371.95,1234.97,FAMINE,0.0,19,0.7368,19.4,0,1565.96
WRK-000272,Beren Başaran,GigExpress,DE,EUR,good_volatile,17,2821.88,911.96,FEAST,0.0,15,1.0,0.0,0,1148.08
WRK-000273,Aslı Başaran,GigExpress,TR,TRY,good_volatile,15,5878.05,1305.13,FEAST,0.0,14,0.9286,23,0,1897.41
WRK-000274,Volkan Yıldız,GigExpress,TR,TRY,good_volatile,26,3337.06,721.06,FEAST,0.0,20,0.95,6,0,1616.09
WRK-000275,Yusuf Kurt,GigExpress,DE,EUR,good_volatile,26,2138.21,988.82,FEAST,0.0,16,0.9375,13,0,1017.21
WRK-000276,Merve Yıldız,GigExpress,TR,TRY,good_volatile,15,3283.64,722.86,NORMAL,0.0,18,0.8889,24.5,0,1101.98
WRK-000277,Hüseyin Kaplan,GigExpress,DE,EUR,good_volatile,32,1746.91,854.36,FEAST,0.0,16,0.9375,6,0,862.1
WRK-000278,Selin Çetin,GigExpress,DE,EUR,good_volatile,22,1732.92,992.86,FEAST,0.0,19,0.9474,30,0,786.68
WRK-000279,Volkan Balcı,GigExpress,TR,TRY,good_volatile,34,5147.15,1598.72,FEAST,0.0,20,0.95,25,0,2299.79
WRK-000280,Ayşe Çetin,GigExpress,DE,EUR,good_volatile,22,3213.58,1080.81,NORMAL,0.0,17,0.8235,25,0,1374.32
WRK-000281,Tolga Çetin,GigExpress,DE,EUR,good_volatile,33,4367.49,1051.53,FAMINE,0.0,20,0.95,30,0,2181.05
WRK-000282,Emine Korkmaz,GigExpress,DE,EUR,good_volatile,23,3866.54,1802.85,FEAST,0.0,17,0.7647,12.25,0,1883.96
WRK-000283,Ceren Kaya,GigExpress,TR,TRY,good_volatile,20,1973.82,718.45,FEAST,0.0,19,0.9474,2,0,613.34
WRK-000284,Gamze Erdoğan,GigExpress,TR,TRY,good_volatile,27,936.0,277.73,FEAST,0.0,20,0.85,27.33,0,308.62
WRK-000285,Yusuf Yalçın,GigExpress,TR,TRY,good_volatile,21,6783.2,2405.1,FEAST,0.0,17,0.8235,16,0,2828.95
WRK-000286,Derya Şahin,GigExpress,TR,TRY,good_volatile,28,1463.18,475.64,FAMINE,0.0,14,0.9286,5,0,427.0
WRK-000287,Pınar Aktaş,GigExpress,TR,TRY,good_volatile,18,688.58,453.41,FEAST,0.0,18,0.8889,6,0,278.39
WRK-000288,Ayşe Başaran,GigExpress,DE,EUR,good_volatile,13,4538.29,791.17,FEAST,0.0,14,0.9286,4,0,1573.74
WRK-000289,Fatma Tunç,GigExpress,DE,EUR,good_volatile,22,1023.17,917.59,FEAST,0.0,18,0.8889,9.5,0,463.31
WRK-000290,Mehmet Polat,GigExpress,TR,TRY,good_volatile,24,1200.8,1086.65,FEAST,0.0,15,0.9333,29,0,585.45
WRK-000291,Fatma Aslan,GigExpress,TR,TRY,good_volatile,19,3372.66,1234.91,FEAST,0.0,19,0.8421,17.33,0,1636.41
WRK-000292,Emre Doğan,GigExpress,TR,TRY,good_volatile,24,3808.97,763.02,FAMINE,0.0,16,0.9375,7,0,1216.41
WRK-000293,Fatih Kılıç,GigExpress,DE,EUR,good_volatile,22,3837.35,860.45,FAMINE,0.0,15,1.0,0.0,0,1736.42
WRK-000294,Aslı Bulut,GigExpress,TR,TRY,good_volatile,19,4216.73,1599.89,FAMINE,0.0,14,0.9286,11,0,1643.06
WRK-000295,Deniz Çetin,GigExpress,TR,TRY,good_volatile,23,2171.66,581.31,FAMINE,0.0,16,0.8125,9.67,0,1015.35
WRK-000296,Onur Bayrak,GigExpress,DE,EUR,good_volatile,35,3765.45,1608.87,FAMINE,0.0,18,1.0,0.0,0,1840.31
WRK-000297,Onur Aslan,GigExpress,TR,TRY,good_volatile,17,4209.35,2053.02,FEAST,0.0,20,0.95,7,0,2053.57
WRK-000298,Tuncay Doğan,GigExpress,TR,TRY,good_volatile,16,3813.27,1112.48,FEAST,0.0,14,0.9286,13,0,1807.26
WRK-000299,Elif Kara,GigExpress,DE,EUR,good_volatile,23,4630.36,1612.15,FEAST,0.0,14,0.9286,6,0,1432.95
WRK-000300,Melek Karaca,GigExpress,TR,TRY,good_volatile,24,3695.13,1160.16,FEAST,0.0,17,0.8824,15,0,1297.0
WRK-000301,Hasan Güneş,GigExpress,TR,TRY,good_volatile,24,2644.75,1014.61,FEAST,0.0,15,0.8667,25.5,0,1018.36
WRK-000302,Elif Doğan,GigExpress,DE,EUR,good_volatile,14,5591.88,995.04,FAMINE,0.0,20,0.95,1,0,2705.29
WRK-000303,Fatih Aktaş,GigExpress,TR,TRY,good_volatile,24,2341.43,813.41,FAMINE,0.0,18,0.8333,16.33,0,780.12
WRK-000304,Fatma Koç,GigExpress,TR,TRY,good_volatile,24,1522.62,454.3,FEAST,0.0,20,0.9,30,0,627.88
WRK-000305,Yusuf Tunç,GigExpress,DE,EUR,good_volatile,28,2541.84,1371.87,FEAST,0.0,15,0.9333,18,0,1087.25
WRK-000306,Selim Aksoy,GigExpress,TR,TRY,good_volatile,13,865.47,523.75,FEAST,0.0,16,1.0,0.0,0,387.81
WRK-000307,Sibel Özdemir,GigExpress,TR,TRY,good_volatile,27,1125.49,411.57,FEAST,0.0,17,0.8235,15,0,525.58
WRK-000308,Dilek Ateş,GigExpress,TR,TRY,good_volatile,26,2878.87,1498.02,FEAST,0.0,19,0.8947,26,0,1260.87
WRK-000309,Naz Güler,GigExpress,DE,EUR,good_volatile,23,1060.91,249.38,FAMINE,0.0,18,0.9444,7,0,367.38
WRK-000310,Sevgi Kılıç,GigExpress,TR,TRY,good_volatile,27,2338.89,799.92,FEAST,0.0,20,0.8,15.75,0,932.45
WRK-000311,Fatih Özdemir,GigExpress,DE,EUR,good_volatile,36,3493.02,1213.34,FEAST,0.0,20,0.8,14,0,1508.76
WRK-000312,Ece Tekin,GigExpress,DE,EUR,good_volatile,23,3837.1,984.08,FAMINE,0.0,17,1.0,0.0,0,1602.56
WRK-000313,Zeynep Kaplan,GigExpress,TR,TRY,good_volatile,18,1409.16,561.9,FAMINE,0.0,15,0.8667,17,0,455.23
WRK-000314,Ahmet Bayrak,GigExpress,TR,TRY,good_volatile,17,1677.8,791.3,FAMINE,0.0,14,0.9286,30,0,719.73
WRK-000315,Serkan Yıldız,GigExpress,TR,TRY,good_volatile,22,4050.02,1556.09,FEAST,0.0,14,1.0,0.0,0,1858.74
WRK-000316,Fatma Ateş,GigExpress,TR,TRY,good_volatile,17,1898.71,455.95,NORMAL,0.0,17,0.9412,30,0,701.54
WRK-000317,Mustafa Karaca,GigExpress,TR,TRY,good_volatile,12,2326.17,966.08,FAMINE,0.0,19,0.8947,14,0,1080.43
WRK-000318,Merve Öztürk,GigExpress,DE,EUR,good_volatile,27,3803.29,1740.64,FEAST,0.0,16,0.875,12.5,0,1647.75
WRK-000319,Emine Arslan,GigExpress,TR,TRY,good_volatile,29,5807.46,1008.35,FEAST,0.0,20,0.75,19.8,0,2814.72
WRK-000320,Merve Korkmaz,GigExpress,TR,TRY,good_volatile,21,3273.21,1141.87,FAMINE,0.0,17,0.9412,19,0,1105.28
WRK-000321,Uğur Yıldız,GigExpress,DE,EUR,good_volatile,16,1000.12,338.28,FEAST,0.0,16,1.0,0.0,0,483.92
WRK-000322,Nur Bulut,GigExpress,DE,EUR,good_volatile,17,1662.31,968.08,FEAST,0.0,19,0.8947,13,0,802.81
WRK-000323,Tuğba Tekin,GigExpress,TR,TRY,good_volatile,32,2847.39,1594.74,FEAST,0.0,18,0.9444,11,0,1304.87
WRK-000324,Merve Aktaş,GigExpress,TR,TRY,good_volatile,28,4419.84,1354.71,FEAST,0.0,17,1.0,0.0,0,1757.42
WRK-000325,Büşra Gündüz,GigExpress,DE,EUR,good_volatile,25,2252.63,648.91,FAMINE,0.0,16,1.0,0.0,0,1119.01
WRK-000326,Ömer Başaran,GigExpress,DE,EUR,stretched_thin,13,1475.48,304.38,FEAST,0.0,12,0.9167,16,0,316.97
WRK-000327,Burak Bulut,GigExpress,DE,EUR,stretched_thin,14,1808.73,302.92,FEAST,0.0,13,0.7692,9.33,0,206.25
WRK-000328,Mustafa Tekin,GigExpress,DE,EUR,stretched_thin,16,1280.34,274.21,FAMINE,0.0,13,0.6923,20,0,202.08
WRK-000329,Mehmet Kılıç,GigExpress,TR,TRY,stretched_thin,17,1643.1,165.0,FEAST,0.0,14,0.8571,26,0,290.8
WRK-000330,Hatice Koç,GigExpress,TR,TRY,stretched_thin,13,793.98,165.13,FEAST,0.0,14,0.7857,17,0,175.03
WRK-000331,Sevgi Yıldız,GigExpress,DE,EUR,stretched_thin,28,1474.87,217.03,NORMAL,0.0,14,0.8571,27,0,185.95
WRK-000332,Melek Çetin,GigExpress,DE,EUR,stretched_thin,31,800.25,127.1,NORMAL,0.0,12,0.75,18.33,0,122.51
WRK-000333,Uğur Özdemir,GigExpress,TR,TRY,stretched_thin,20,1281.24,160.55,FAMINE,0.0,15,0.9333,20,0,158.63
WRK-000334,Defne Bayrak,GigExpress,TR,TRY,stretched_thin,16,1146.84,146.76,FAMINE,0.0,12,0.8333,19.5,0,198.65
WRK-000335,Ceren Aksoy,GigExpress,TR,TRY,stretched_thin,31,1243.91,271.43,NORMAL,0.0,13,0.8462,13,0,163.96
WRK-000336,Esra Toprak,GigExpress,TR,TRY,stretched_thin,13,1058.22,190.5,FAMINE,0.0,16,0.9375,11,0,127.64
WRK-000337,Selim Tekin,GigExpress,TR,TRY,stretched_thin,17,1738.53,392.56,FAMINE,0.0,15,0.8,20.67,0,424.87
WRK-000338,Emre Tunç,GigExpress,DE,EUR,stretched_thin,12,832.69,146.84,FAMINE,0.0,14,0.8571,16,0,105.47
WRK-000339,Defne Polat,GigExpress,TR,TRY,stretched_thin,23,1163.02,161.48,NORMAL,0.0,16,0.5625,19.86,0,208.47
WRK-000340,Barış Kara,GigExpress,TR,TRY,stretched_thin,25,1252.4,291.74,FAMINE,0.0,14,0.6429,8.8,0,160.47
WRK-000341,Ali Çetin,GigExpress,DE,EUR,stretched_thin,28,679.4,312.27,FEAST,0.0,15,0.7333,13.25,0,84.88
WRK-000342,Büşra Kaya,GigExpress,TR,TRY,stretched_thin,19,1022.35,352.03,NORMAL,0.0,12,0.9167,11,0,173.93
WRK-000343,Onur Karaca,GigExpress,DE,EUR,stretched_thin,31,1361.08,286.68,FAMINE,0.0,15,0.6667,25,0,132.3
WRK-000344,Merve Tunç,GigExpress,DE,EUR,stretched_thin,15,1471.75,306.88,FEAST,0.0,12,0.8333,16,0,281.43
WRK-000345,Fatih Polat,GigExpress,TR,TRY,stretched_thin,13,1454.89,134.51,FAMINE,0.0,14,0.7143,15.75,0,226.59
WRK-000346,Defne Tunç,GigExpress,DE,EUR,stretched_thin,17,1292.35,241.87,FEAST,0.0,15,0.8667,22,0,246.25
WRK-000347,Nur Doğan,GigExpress,DE,EUR,stretched_thin,20,1168.89,240.96,FAMINE,0.0,16,0.875,15,0,275.35
WRK-000348,Can Doğan,GigExpress,TR,TRY,stretched_thin,18,1531.71,335.39,FAMINE,0.0,12,0.8333,3.5,0,302.75
WRK-000349,Tuncay Aksoy,GigExpress,TR,TRY,stretched_thin,29,1329.51,193.94,FAMINE,0.0,13,1.0,0.0,0,301.43
WRK-000350,Hasan Toprak,GigExpress,DE,EUR,stretched_thin,23,816.15,252.28,FAMINE,0.0,13,0.6154,17.2,0,145.1
WRK-000351,Derya Balcı,GigExpress,TR,TRY,stretched_thin,18,840.73,191.6,FAMINE,0.0,15,0.7333,13,0,166.71
WRK-000352,Melek Kaplan,GigExpress,DE,EUR,stretched_thin,23,862.41,272.38,FAMINE,0.0,14,0.8571,20.5,0,98.1
WRK-000353,Elif Çetin,GigExpress,DE,EUR,stretched_thin,28,823.44,202.66,FAMINE,0.0,14,0.7857,14.67,0,136.49
WRK-000354,Büşra Erdoğan,GigExpress,TR,TRY,stretched_thin,28,1112.33,215.37,FAMINE,0.0,14,0.7857,9,0,146.85
WRK-000355,Mustafa Kara,GigExpress,TR,TRY,stretched_thin,35,1352.56,316.24,FAMINE,0.0,12,0.5833,11.6,0,283.56
WRK-000356,Sevgi Aktaş,GigExpress,DE,EUR,stretched_thin,21,991.71,227.6,FEAST,0.0,12,0.75,15.67,0,223.25
WRK-000357,Burak Karaca,GigExpress,DE,EUR,stretched_thin,22,1639.31,252.76,FAMINE,0.0,12,0.8333,13.5,0,350.02
WRK-000358,Ayşe Kaplan,GigExpress,TR,TRY,stretched_thin,19,1503.79,160.52,FEAST,0.0,14,0.8571,14.5,0,204.43
WRK-000359,Ceren Tunç,GigExpress,TR,TRY,stretched_thin,31,1673.26,436.29,NORMAL,0.0,12,0.6667,12.75,0,185.06
WRK-000360,Uğur Yalçın,GigExpress,TR,TRY,stretched_thin,15,1183.94,297.61,FEAST,0.0,12,0.8333,10,0,160.14
WRK-000361,Beren Demir,GigExpress,TR,TRY,stretched_thin,22,1338.23,261.92,FAMINE,0.0,14,0.9286,26,0,160.09
WRK-000362,Melek Ünal,GigExpress,TR,TRY,stretched_thin,17,1127.45,82.75,FEAST,0.0,15,0.9333,25,0,248.91
WRK-000363,Uğur Şen,GigExpress,DE,EUR,stretched_thin,36,1390.08,245.26,FAMINE,0.0,12,0.8333,17,0,177.41
WRK-000364,Gamze Kaplan,GigExpress,TR,TRY,stretched_thin,30,1725.0,343.01,FEAST,0.0,14,0.7857,18.33,0,262.01
WRK-000365,Ayşe Yılmaz,GigExpress,DE,EUR,stretched_thin,30,1133.46,220.69,FAMINE,0.0,14,0.2143,16.73,0,127.75
WRK-000366,Özlem Erdoğan,GigExpress,DE,EUR,stretched_thin,29,1770.01,458.69,FEAST,0.0,15,0.6667,15.8,0,241.0
WRK-000367,Kemal Başaran,GigExpress,TR,TRY,stretched_thin,23,1388.81,289.06,FAMINE,0.0,12,0.5833,9.6,0,332.49
WRK-000368,Ceren Bayrak,GigExpress,DE,EUR,stretched_thin,13,1755.69,320.04,FAMINE,0.0,16,0.625,14,0,167.39
WRK-000369,Ali Korkmaz,GigExpress,DE,EUR,stretched_thin,29,1203.01,146.45,FAMINE,0.0,15,0.4,12.89,0,88.35
WRK-000370,Ahmet Taş,GigExpress,DE,EUR,stretched_thin,33,749.72,257.39,FAMINE,0.0,12,0.75,20,0,158.36
WRK-000371,Ömer Korkmaz,GigExpress,TR,TRY,stretched_thin,29,727.86,174.73,FAMINE,0.0,16,0.9375,7,0,130.93
WRK-000372,Ahmet Kaya,GigExpress,DE,EUR,stretched_thin,18,1416.94,177.04,FAMINE,0.0,14,0.7143,21,0,158.48
WRK-000373,Can Güler,GigExpress,TR,TRY,stretched_thin,18,821.95,186.83,FAMINE,0.0,16,0.625,16.5,0,129.87
WRK-000374,Büşra Demir,GigExpress,DE,EUR,stretched_thin,21,1204.5,115.02,NORMAL,0.0,15,0.6,16,0,149.38
WRK-000375,Burak Doğan,GigExpress,DE,EUR,stretched_thin,24,1074.24,148.27,FAMINE,0.0,16,0.75,8,0,184.61
WRK-000376,Defne Öztürk,GigExpress,TR,TRY,stretched_thin,32,1234.04,207.12,FEAST,0.0,14,0.7857,8.33,0,142.71
WRK-000377,Engin Koç,GigExpress,DE,EUR,stretched_thin,23,1306.16,222.36,FEAST,0.0,14,0.9286,30,0,261.59
WRK-000378,Tarık Öztürk,GigExpress,TR,TRY,stretched_thin,12,919.43,147.36,FEAST,0.0,15,0.8667,12.5,0,121.4
WRK-000379,Nur Toprak,GigExpress,DE,EUR,stretched_thin,28,1400.8,181.24,FAMINE,0.0,13,0.9231,19,0,240.43
WRK-000380,Gül Yılmaz,GigExpress,TR,TRY,stretched_thin,25,1340.63,245.91,NORMAL,0.0,14,0.6429,20.8,0,333.32
WRK-000381,Emre Yıldız,GigExpress,DE,EUR,stretched_thin,35,1140.03,227.05,FAMINE,0.0,13,0.7692,19,0,200.2
WRK-000382,Deniz Başaran,GigExpress,DE,EUR,stretched_thin,23,843.64,172.43,FAMINE,0.0,16,0.5625,10,0,113.25
WRK-000383,Fatih Kara,GigExpress,TR,TRY,stretched_thin,31,860.29,226.59,FEAST,0.0,15,0.8,16.33,0,138.24
WRK-000384,Esra Özdemir,GigExpress,TR,TRY,stretched_thin,30,799.75,452.19,FAMINE,0.0,13,0.9231,22,0,165.92
WRK-000385,Oğuz Tekin,GigExpress,TR,TRY,stretched_thin,27,1759.71,447.85,NORMAL,0.0,12,0.8333,18.5,0,155.79
WRK-000386,Hasan Yıldız,GigExpress,DE,EUR,stretched_thin,20,1149.45,211.09,FAMINE,0.0,12,1.0,0.0,0,140.04
WRK-000387,Deniz Aksoy,GigExpress,DE,EUR,stretched_thin,14,1245.34,86.84,FAMINE,0.0,14,0.9286,20,0,144.07
WRK-000388,Fatma Yalçın,GigExpress,DE,EUR,stretched_thin,19,1303.0,331.36,FEAST,0.0,16,0.9375,1,0,289.76
WRK-000389,Ece Kaya,GigExpress,TR,TRY,stretched_thin,14,798.69,149.8,NORMAL,0.0,12,0.75,18,0,147.66
WRK-000390,Gamze Tunç,GigExpress,DE,EUR,stretched_thin,24,1453.45,320.72,FAMINE,0.0,16,0.8125,20,0,346.63
WRK-000391,Aslı Korkmaz,GigExpress,TR,TRY,stretched_thin,18,768.23,85.07,NORMAL,0.0,12,0.9167,1,0,130.58
WRK-000392,Pınar Doğan,GigExpress,TR,TRY,stretched_thin,33,1210.11,237.21,FEAST,0.0,16,0.875,17,0,88.67
WRK-000393,Mustafa Aydın,GigExpress,DE,EUR,stretched_thin,14,1192.91,166.11,FAMINE,0.0,12,0.75,12.67,0,146.27
WRK-000394,Dilek Tekin,GigExpress,DE,EUR,stretched_thin,29,937.61,155.99,FAMINE,0.0,14,0.8571,17,0,78.22
WRK-000395,Yusuf Özdemir,GigExpress,DE,EUR,stretched_thin,23,1037.73,169.32,FEAST,0.0,16,0.6875,18.2,0,223.06
WRK-000396,Gamze Çelik,GigExpress,TR,TRY,stretched_thin,19,1098.09,245.3,FEAST,0.0,14,0.8571,13.5,0,89.59
WRK-000397,Esra Yalçın,GigExpress,TR,TRY,stretched_thin,18,1396.15,237.75,FEAST,0.0,16,0.8125,12.67,0,256.8
WRK-000398,Hasan Korkmaz,GigExpress,TR,TRY,stretched_thin,33,1230.99,298.81,NORMAL,0.0,14,0.7857,23,0,229.69
WRK-000399,Fatma Erdoğan,GigExpress,TR,TRY,stretched_thin,34,1062.91,98.16,FAMINE,0.0,16,0.6875,8.4,0,168.53
WRK-000400,Seda Yalçın,GigExpress,DE,EUR,stretched_thin,19,1023.9,66.7,FAMINE,0.0,16,0.6875,19.4,0,131.92
WRK-000401,Elif Polat,GigExpress,DE,EUR,stretched_thin,28,1091.57,258.47,FAMINE,0.0,16,0.75,14,0,172.48
WRK-000402,Özlem Gündüz,GigExpress,TR,TRY,stretched_thin,32,1036.48,162.73,FAMINE,0.0,12,0.5,18.33,0,242.29
WRK-000403,Fatma Arslan,GigExpress,DE,EUR,stretched_thin,21,1331.05,314.88,FAMINE,0.0,13,0.6923,14.75,0,208.05
WRK-000404,Volkan Tunç,GigExpress,TR,TRY,stretched_thin,22,853.7,188.21,FEAST,0.0,16,0.75,15.75,0,98.22
WRK-000405,Leyla Kara,GigExpress,DE,EUR,stretched_thin,33,1656.24,230.0,FAMINE,0.0,16,0.5,12.38,0,379.36
WRK-000406,İlknur Gündüz,GigExpress,TR,TRY,stretched_thin,35,1581.72,342.94,FAMINE,0.0,15,0.9333,12,0,207.25
WRK-000407,Tuncay Başaran,GigExpress,TR,TRY,stretched_thin,26,1215.47,238.55,NORMAL,0.0,16,0.6875,14.4,0,132.96
WRK-000408,Volkan Kaplan,GigExpress,TR,TRY,stretched_thin,25,363.88,229.61,NORMAL,0.0,12,0.5,16.5,0,38.33
WRK-000409,Tuğba Koç,GigExpress,TR,TRY,stretched_thin,23,1524.02,241.44,FAMINE,0.0,14,0.8571,7.5,0,152.37
WRK-000410,Fatma Şen,GigExpress,TR,TRY,stretched_thin,18,1157.63,390.43,FAMINE,0.0,15,0.8,9.33,0,188.45
WRK-000411,Kemal Yılmaz,GigExpress,DE,EUR,stretched_thin,15,845.68,186.63,FAMINE,0.0,13,0.9231,16,0,149.78
WRK-000412,Oğuz Korkmaz,GigExpress,TR,TRY,stretched_thin,17,1325.14,558.24,FAMINE,0.0,14,0.7857,12,0,206.27
WRK-000413,Hatice Balcı,GigExpress,TR,TRY,stretched_thin,19,650.62,153.06,FEAST,0.0,16,0.5,9.12,0,68.42
WRK-000414,Zeynep Güneş,GigExpress,TR,TRY,stretched_thin,18,1235.92,172.61,FEAST,0.0,16,0.9375,6,0,280.28
WRK-000415,İlknur Kaplan,GigExpress,TR,TRY,stretched_thin,35,702.57,131.93,FEAST,0.0,16,0.6875,12,0,68.05
WRK-000416,Defne Kılıç,GigExpress,DE,EUR,stretched_thin,30,1148.95,122.48,FAMINE,0.0,13,0.6154,18.4,0,261.24
WRK-000417,Fatih Kılıç,GigExpress,DE,EUR,stretched_thin,33,607.71,137.22,NORMAL,0.0,15,0.7333,17,0,56.48
WRK-000418,Mehmet Kılıç,GigExpress,TR,TRY,stretched_thin,26,1148.02,257.89,FEAST,0.0,14,0.5714,19.33,0,93.43
WRK-000419,Ömer Özdemir,GigExpress,TR,TRY,stretched_thin,33,1169.99,415.21,FAMINE,0.0,12,0.9167,13,0,162.93
WRK-000420,Melek Çelik,GigExpress,TR,TRY,stretched_thin,30,784.6,231.89,FEAST,0.0,16,0.9375,7,0,129.82
WRK-000421,Seda Başaran,GigExpress,DE,EUR,stretched_thin,29,1026.64,174.47,FAMINE,0.0,12,0.6667,16.75,0,141.18
WRK-000422,Onur Doğan,GigExpress,DE,EUR,stretched_thin,32,856.89,162.17,FEAST,0.0,14,0.5714,19.5,0,95.2
WRK-000423,Ece Balcı,GigExpress,DE,EUR,stretched_thin,19,1281.7,409.59,FAMINE,0.0,13,0.8462,9.5,0,246.3
WRK-000424,Hasan Tunç,GigExpress,TR,TRY,stretched_thin,30,1293.05,211.07,FAMINE,0.0,13,0.7692,26.67,0,195.94
WRK-000425,Seda Kara,GigExpress,DE,EUR,stretched_thin,30,1196.73,198.69,FAMINE,0.0,12,0.75,23,0,234.27
WRK-000426,Tuncay Polat,GigExpress,DE,EUR,red_flags,35,1828.16,693.73,FEAST,0.0,13,0.7692,11,0,143.75
WRK-000427,Volkan Tekin,GigExpress,TR,TRY,red_flags,35,1768.05,1064.43,FAMINE,0.0,13,0.4615,16.71,0,223.92
WRK-000428,Pınar Kaya,GigExpress,TR,TRY,red_flags,25,902.29,474.54,FEAST,0.99,12,0.25,29.33,3,138.21
WRK-000429,Yusuf Koç,GigExpress,TR,TRY,red_flags,30,885.27,386.88,FEAST,0.0,12,0.5833,14.2,0,88.22
WRK-000430,Özlem Aslan,GigExpress,TR,TRY,red_flags,28,1626.52,636.79,FEAST,0.0,12,0.6667,12.5,0,66.72
WRK-000431,Serkan Gündüz,GigExpress,TR,TRY,red_flags,25,431.69,204.33,FAMINE,0.2263,13,0.3077,22.89,1,14.51
WRK-000432,Volkan Ünal,GigExpress,DE,EUR,red_flags,36,413.36,223.06,FAMINE,0.5205,12,0.5833,32.2,2,69.96
WRK-000433,Merve Kurt,GigExpress,DE,EUR,red_flags,13,451.86,324.89,FEAST,0.6032,14,0.5,27.29,2,59.18
WRK-000434,Emine Koç,GigExpress,DE,EUR,red_flags,29,2214.81,286.5,FAMINE,0.0,12,0.4167,15.14,0,369.21
WRK-000435,Özlem Kara,GigExpress,DE,EUR,red_flags,29,1208.02,988.19,FEAST,0.323,13,0.4615,19.29,1,194.35
WRK-000436,Hatice Yılmaz,GigExpress,DE,EUR,red_flags,35,738.74,412.76,FEAST,0.4601,14,0.3571,22.44,2,77.68
WRK-000437,Serkan Güneş,GigExpress,DE,EUR,red_flags,33,899.86,191.94,FEAST,0.0,12,0.5,18.5,0,88.2
WRK-000438,Hasan Çelik,GigExpress,DE,EUR,red_flags,33,1312.1,737.76,FAMINE,0.3656,14,0.6429,27.2,2,133.32
WRK-000439,Tuğba Ünal,GigExpress,DE,EUR,red_flags,30,961.63,420.41,FAMINE,0.0,13,0.4615,11.57,0,114.9
WRK-000440,Beren Ünal,GigExpress,DE,EUR,red_flags,23,1213.21,669.1,FEAST,0.506,14,0.5714,34.5,2,66.74
WRK-000441,Ali Bayrak,GigExpress,TR,TRY,red_flags,17,602.11,169.56,NORMAL,0.5703,12,0.5,26.67,2,60.87
WRK-000442,Murat Aydın,GigExpress,DE,EUR,red_flags,28,959.05,679.17,FAMINE,0.3558,13,0.6923,26.75,1,179.74
WRK-000443,Oğuz Kaya,GigExpress,TR,TRY,red_flags,21,1084.12,449.36,FAMINE,0.2793,12,0.4167,20.14,1,162.55
WRK-000444,Ahmet Balcı,GigExpress,DE,EUR,red_flags,30,1829.11,562.77,FEAST,0.7911,13,0.5385,34.83,2,142.37
WRK-000445,Dilek Başaran,GigExpress,TR,TRY,red_flags,16,783.4,709.71,FAMINE,0.2498,12,0.3333,25.25,1,122.8
WRK-000446,Ece Ateş,GigExpress,TR,TRY,red_flags,24,938.8,445.43,FEAST,0.435,12,0.3333,19.25,2,42.18
WRK-000447,Nur Toprak,GigExpress,DE,EUR,red_flags,17,661.28,213.64,FEAST,0.0,14,0.5714,18.17,0,64.37
WRK-000448,Ece Şahin,GigExpress,DE,EUR,red_flags,26,554.85,373.29,FAMINE,0.2027,13,0.3846,21.25,1,59.86
WRK-000449,Nur Şen,GigExpress,TR,TRY,red_flags,33,429.89,293.34,FAMINE,0.4679,12,0.5,34,2,73.5
WRK-000450,Ayşe Balcı,GigExpress,TR,TRY,red_flags,35,1503.46,500.58,FEAST,1.1505,14,0.4286,37,4,234.9
WRK-000451,Koray Kılıç,GigExpress,DE,EUR,red_flags,21,289.27,327.76,FAMINE,0.2991,13,0.3846,19.25,1,52.59
WRK-000452,Gamze Bayrak,GigExpress,TR,TRY,red_flags,27,959.75,757.08,FAMINE,0.3921,12,0.5,18.33,1,176.14
WRK-000453,Esra Arslan,GigExpress,TR,TRY,red_flags,12,1146.64,430.13,FAMINE,0.5458,12,0.5833,36.8,2,119.54
WRK-000454,Murat Doğan,GigExpress,DE,EUR,red_flags,17,1377.42,254.24,FAMINE,0.2959,13,0.6154,22.6,1,261.08
WRK-000455,Onur Yılmaz,GigExpress,DE,EUR,red_flags,30,486.33,303.36,FAMINE,0.3233,13,0.3077,21.89,1,72.59
WRK-000456,Dilek Şen,GigExpress,TR,TRY,red_flags,13,1464.97,904.85,FAMINE,0.2603,12,0.75,36.67,1,217.03
WRK-000457,Volkan Çetin,GigExpress,DE,EUR,red_flags,19,983.5,455.63,FEAST,0.3579,13,0.3846,21.38,1,91.58
WRK-000458,Tuğba Kaplan,GigExpress,DE,EUR,red_flags,33,764.25,263.39,FAMINE,0.0,14,0.4286,12.5,0,138.33
WRK-000459,Hüseyin Demir,GigExpress,DE,EUR,red_flags,25,1072.69,808.41,FEAST,0.6155,12,0.4167,36.29,2,163.5
WRK-000460,Deniz Aslan,GigExpress,TR,TRY,red_flags,36,227.1,175.68,NORMAL,0.2405,12,0.5,25,1,18.69
WRK-000461,Zeynep Kurt,GigExpress,TR,TRY,red_flags,36,1441.79,324.51,FEAST,0.6426,13,0.3846,19.38,2,208.06
WRK-000462,Hatice Yalçın,GigExpress,DE,EUR,red_flags,31,1017.11,652.16,FAMINE,0.458,14,0.5714,16.5,2,60.56
WRK-000463,Fatma Balcı,GigExpress,DE,EUR,red_flags,23,2047.19,701.16,NORMAL,0.7478,13,0.5385,27.83,3,142.5
WRK-000464,Oğuz Taş,GigExpress,DE,EUR,red_flags,24,902.46,312.14,FAMINE,1.0133,14,0.3571,35.44,4,157.18
WRK-000465,Melek Bayrak,GigExpress,TR,TRY,red_flags,29,874.13,463.5,FEAST,0.2854,12,0.5833,23.6,1,177.48
WRK-000466,Selin Özdemir,GigExpress,TR,TRY,red_flags,13,314.3,123.07,NORMAL,0.3125,12,0.4167,23.43,1,48.06
WRK-000467,Uğur Şen,GigExpress,TR,TRY,red_flags,26,788.12,950.08,FEAST,0.6502,13,0.5385,24.5,2,80.02
WRK-000468,Esra Güneş,GigExpress,DE,EUR,red_flags,15,1737.91,526.39,FAMINE,0.2398,14,0.5714,34.67,1,126.58
WRK-000469,Elif Yılmaz,GigExpress,DE,EUR,red_flags,16,1683.46,426.07,FAMINE,0.2238,12,0.5833,27.8,1,272.55
WRK-000470,Hatice Balcı,GigExpress,TR,TRY,red_flags,36,667.64,228.39,FAMINE,0.2813,14,0.6429,25.4,1,72.14
WRK-000471,Deniz Erdoğan,GigExpress,TR,TRY,red_flags,25,1789.83,918.51,FEAST,0.3548,13,0.6923,25,1,322.52
WRK-000472,Hasan Öztürk,GigExpress,TR,TRY,red_flags,20,764.35,726.97,FAMINE,0.796,12,0.4167,27.43,3,55.97
WRK-000473,Tarık Acar,GigExpress,DE,EUR,red_flags,21,974.94,655.9,FAMINE,0.1777,12,0.25,18.89,1,92.56
WRK-000474,İlknur Şahin,GigExpress,DE,EUR,red_flags,31,942.41,434.39,FAMINE,0.0,12,0.75,19.33,0,134.69
WRK-000475,Nur Arslan,GigExpress,DE,EUR,red_flags,12,493.71,265.79,FAMINE,0.1778,12,0.75,35,1,90.47
WRK-000476,Emre Kurt,GigExpress,TR,TRY,red_flags,17,1364.66,404.12,FAMINE,1.2364,14,0.5,41.86,4,204.42
WRK-000477,Seda Aslan,GigExpress,TR,TRY,red_flags,25,797.48,197.55,FAMINE,1.0706,13,0.6154,35.6,3,161.39
WRK-000478,Büşra Aydın,GigExpress,DE,EUR,red_flags,34,2201.2,1533.46,FAMINE,0.9096,12,0.4167,29.71,3,233.31
WRK-000479,Leyla Acar,GigExpress,TR,TRY,red_flags,35,430.48,145.28,FAMINE,0.2833,12,0.5833,20.6,1,26.0
WRK-000480,Mehmet Aktaş,GigExpress,TR,TRY,red_flags,14,402.41,154.81,FAMINE,0.0,13,0.5385,12.17,0,79.25
WRK-000481,Nur Polat,GigExpress,TR,TRY,red_flags,16,518.84,176.86,FAMINE,0.613,14,0.5,28.14,2,88.86
WRK-000482,Kemal Korkmaz,GigExpress,TR,TRY,red_flags,21,1109.52,458.28,FAMINE,0.487,13,0.3077,26.33,2,165.95
WRK-000483,Burak Doğan,GigExpress,TR,TRY,red_flags,34,1833.7,730.19,FEAST,0.0,13,0.3077,17.89,0,306.48
WRK-000484,Defne Ünal,GigExpress,TR,TRY,red_flags,28,877.93,393.05,FAMINE,0.1939,13,0.3846,23.88,1,106.55
WRK-000485,Merve Başaran,GigExpress,TR,TRY,red_flags,14,832.64,857.46,FAMINE,0.4579,12,0.1667,22.5,2,93.56
WRK-000486,Gül Aslan,GigExpress,TR,TRY,red_flags,29,1088.31,560.12,FAMINE,0.0,14,0.3571,18.67,0,129.17
WRK-000487,Leyla Doğan,GigExpress,TR,TRY,red_flags,13,1306.06,485.12,FAMINE,0.2061,13,0.1538,22.27,1,216.12
WRK-000488,Koray Çetin,GigExpress,DE,EUR,red_flags,23,1938.15,789.34,FEAST,0.8027,12,0.4167,34.71,3,183.05
WRK-000489,Esra Ateş,GigExpress,TR,TRY,red_flags,33,1608.88,734.04,FAMINE,0.4974,12,0.5,37.17,2,290.68
WRK-000490,Fatma Kurt,GigExpress,TR,TRY,red_flags,33,1114.53,670.33,FEAST,0.9929,13,0.2308,31.1,3,176.57
WRK-000491,Selim Çetin,GigExpress,TR,TRY,red_flags,31,2011.17,1157.45,FEAST,0.5994,12,0.3333,22.12,2,220.33
WRK-000492,Koray Aksoy,GigExpress,DE,EUR,red_flags,25,800.67,484.67,FAMINE,0.2661,13,0.6923,23.25,1,104.66
WRK-000493,Can Arslan,GigExpress,TR,TRY,red_flags,13,1773.67,765.11,FAMINE,0.0,12,0.5,15.67,0,280.75
WRK-000494,Cem Kurt,GigExpress,TR,TRY,red_flags,25,1134.41,608.05,FEAST,0.3488,13,0.3846,25.62,1,113.72
WRK-000495,Hüseyin Yalçın,GigExpress,TR,TRY,red_flags,27,1140.82,768.44,FAMINE,0.5917,14,0.6429,35.4,2,101.44
WRK-000496,Hasan Güneş,GigExpress,DE,EUR,red_flags,28,731.06,354.69,FEAST,0.4139,12,0.5,30.17,2,68.39
WRK-000497,Can Yalçın,GigExpress,TR,TRY,red_flags,25,1709.09,326.13,FAMINE,0.3051,14,0.6429,23.2,1,310.77
WRK-000498,Ece Yıldız,GigExpress,DE,EUR,red_flags,20,550.27,369.14,FAMINE,0.6836,14,0.5,35.14,3,51.6
WRK-000499,Uğur Tekin,GigExpress,TR,TRY,red_flags,19,933.18,370.61,FEAST,0.8156,12,0.5833,50.4,3,66.71
WRK-000500,Selin Kaya,GigExpress,DE,EUR,red_flags,12,958.17,870.73,FAMINE,0.0,13,0.4615,14.71,0,68.1
